artista,nombre,ironhacker,letra
Pinkfong,Baby Shark,11100941802,"[Hook]
Baby shark, doo doo doo doo doo doo
Baby shark, doo doo doo doo doo doo
Baby shark, doo doo doo doo doo doo
Baby shark!

[Verse 1]
Mommy shark, doo doo doo doo doo doo
Mommy shark, doo doo doo doo doo doo
Mommy shark, doo doo doo doo doo doo
Mommy shark!

[Verse 2]
Daddy shark, doo doo doo doo doo doo
Daddy shark, doo doo doo doo doo doo
Daddy shark, doo doo doo doo doo doo
Daddy shark!

[Verse 3]
Grandma shark, doo doo doo doo doo doo
Grandma shark, doo doo doo doo doo doo
Grandma shark, doo doo doo doo doo doo
Grandma shark!

[Verse 4]
Grandpa shark, doo doo doo doo doo doo
Grandpa shark, doo doo doo doo doo doo
Grandpa shark, doo doo doo doo doo doo
Grandpa shark!
[Interlude]
Let’s go hunt, doo doo doo doo doo doo
Let’s go hunt, doo doo doo doo doo doo
Let’s go hunt, doo doo doo doo doo doo
Let’s go hunt!

[Bridge]
Run away, doo doo doo doo doo doo
Run away, doo doo doo doo doo doo
Run away, doo doo doo doo doo doo
Run away!

[Breakdown]
Safe at last, doo doo doo doo doo doo
Safe at last, doo doo doo doo doo doo
Safe at last, doo doo doo doo doo doo
Safe at last!

[Outro]
It’s the end, doo doo doo doo doo doo
It’s the end, doo doo doo doo doo doo
It’s the end, doo doo doo doo doo doo
It’s the end!"
Eiffel 65,Blue (Da Ba Dee) - Gabry Ponte Ice Pop Radio,1123075332,"Yo, listen up! Here is the story
About a little guy that lives in a blue world
And all day and all night and everything he sees
Is just blue like him, inside and outside
Blue his house, with the blue little window
And a blue Corvette, and everything is blue for him
And himself, and everybody around
'Cause he ain't got nobody to listen (to listen, to listen...)

I'm blue
Da ba dee da ba di
Da ba dee da ba di
Da ba dee da ba di
Da ba dee da ba di
Da ba dee da ba di
Da ba dee da ba di
Da ba dee da ba di
I'm blue
Da ba dee da ba di
Da ba dee da ba di
Da ba dee da ba di
Da ba dee da ba di
Da ba dee da ba di
Da ba dee da ba di
Da ba dee da ba di

I have a blue house with a blue window
Blue is the color of all that I wear
Blue are the streets and all the trees are too
I have a girlfriend, and she is so blue
Blue are the people here that walk around
Blue like my Corvette, it's standing outside
Blue are the words I say and what I think
Blue are the feelings that live inside me

I'm blue
Da ba dee da ba di
Da ba dee da ba di
Da ba dee da ba di
Da ba dee da ba di
Da ba dee da ba di
Da ba dee da ba di
Da ba dee da ba di
I'm blue
Da ba dee da ba di
Da ba dee da ba di
Da ba dee da ba di
Da ba dee da ba di
Da ba dee da ba di
Da ba dee da ba di
Da ba dee da ba di

Inside and outside
Blue his house, with a blue little window
And a blue Corvette, and everything is blue for him
And himself, and everybody around
'Cause he ain't got nobody to listen (to listen...)

I'm blue
Da ba dee da ba di
Da ba dee da ba di
Da ba dee da ba di
Da ba dee da ba di
Da ba dee da ba di
Da ba dee da ba di
Da ba dee da ba di
I'm blue
Da ba dee da ba di
Da ba dee da ba di
Da ba dee da ba di
Da ba dee da ba di
Da ba dee da ba di
Da ba dee da ba di
Da ba dee da ba di"
Mattafix,Big City Life,e0q1xrcn5p77job8m2nye7w88,"[Hook]
Big City Life, me try fi get by
Pressure nah ease up, no matter how hard me try
Big City Life, here my heart have no base
And right now Babylon de 'pon me case
Big City Life, try fi get by
Pressure nah ease up, no matter how hard me try
Big City Life, my heart have no base
And right now Babylon de 'pon me case

[Verse 1]
People in a show
All lined in a row
We just push on by
It's funny, how hard we try
Take a moment to relax
Before you do anything rash
Don't you wanna know me?
Be a friend of mine
I'll share some wisdom with you
Don't you ever get lonely
From time to time
Don't let the system get you down

[Hook]
Big City Life, me try fi get by
Pressure nah ease up, no matter how hard me try
Big City Life, here my heart have no base
And right now Babylon de 'pon me case
Big City Life, try fi get by
Pressure nah ease up, no matter how hard me try
Big City Life, my heart have no base
And right now Babylon de 'pon me case
[Verse 2]
Soon our work is done
All of us one by one
Still we live our lives
As if all this stuff survives
Don't you wanna know me?
Be a friend of mine (a friend of mine)
I'll share some wisdom with you
Don't you ever get lonely from time to time
Don't let the system get you down

[Bridge]
The Linguist across the seas and the oceans
A permanent itinerant is what I've chosen
I find myself in a Big City prison, arisen from the vision of mankind
Designed, to keep me discreetly, neatly in the corner
You'll find me with the flora and the fauna and the hardship
Back a yard is where my heart is, still I find it hard to depart this Big City Life

[Hook]
Big City Life, me try fi get by
Pressure nah ease up, no matter how hard me try
Big City Life, here my heart have no base
And right now Babylon de 'pon me case
Big City Life, try fi get by
Pressure nah ease up, no matter how hard me try
Big City Life, my heart have no base
And right now Babylon de 'pon me case
Big City Life, me try fi get by
Pressure nah ease up, no matter how hard me try
Big City Life, here my heart have no base
And right now Babylon de 'pon me case
Big City Life, try fi get by
Pressure nah ease up, no matter how hard me try
Big City Life, my heart have no base
And right now Babylon de 'pon me case"
Queen,Bohemian Rhapsody - Live Aid,1123075332,"[Verse 1]
Mama, just killed a man
Put a gun against his head, pulled my trigger, now he's dead
Mama, life had just begun
But now I’ve gone and thrown it all away
Mama, ooh
Didn't mean to make you cry
If I'm not back again this time tomorrow
Carry on, carry on as if nothing really matters

[Verse 2]
Too late, my time has come
Sends shivers down my spine, body’s aching all the time
Goodbye, everybody; I've got to go
Gotta leave you all behind and face the truth
Mama, ooh
I don't want to die
But sometimes wish I'd never been born at all

[Guitar Solo]"
trashi,mañaneo,soyungalgo,[Instrumental]
Miss Caffeina,Me Voy,soyungalgo,"[Letra de ""Me Voy""]

[Verso 1]
¿Por qué no supiste entender a mi corazón? Lo que había en él
¿Por qué no tuviste el valor de ver quién soy?
¿Por qué no escuchas lo que está tan cerca de ti?
Sólo el ruido de afuera y yo
Que estoy a un lado desaparezco para ti

[Pre-Coro]
No voy a llorar y decir que no merezco esto, porque
Es probable que lo merezco, pero no lo quiero por eso

[Coro]
Me voy
Qué lástima, pero adiós
Me despido de ti y me voy
Qué lástima, pero adiós
Me despido de ti

[Verso 2]
Porque sé que me espera algo mejor
Alguien que sepa darme amor
De ese que endulza la sal y hace que salga el Sol
Yo que pensé, nunca me iría de ti
Que es amor del bueno, de toda la vida, pero
Hoy entendí que no hay suficiente para los dos

[Pre-Coro]
No voy a llorar y decir que no merezco esto, porque
Es probable que lo merezco, pero no lo quiero por eso

[Coro]
Me voy
Qué lástima, pero adiós
Me despido de ti y me voy
Qué lástima, pero adiós
Me despido de ti y...

Me voy
Qué lástima, pero adiós
Me despido de ti y me voy
Qué lástima, pero adiós
Me despido de ti y me voy
Qué lástima, pero adiós
Me despido de ti y me voy
Qué lástima, pero adiós
Me despido de ti y me voy"
Reys,Manantial,soyungalgo,"[Letra de ""Manantial""]

[Intro: Kevin Roldán]
Bofff
Baby, ah
King Records

[Coro: Kevin Roldán]
Mamacita, tú me incita' a pecar
Solo esa boquita e' la que quiero besar
Desde que lo hicimo' no te dejo 'e pensar
Cómo tú te viene', mami, un manantial
Cuando nos comemos siento algo especial
Un deseo de ti que no puedo saciar
Bebé, si quieres bellaquear no dude' en llamar
Que sabe' que te voy a llegar

[Verso 1: Kevin Roldán]
Tu punto exacto lo conozco
Te moja' completa, mami, cuando yo tе toco
Estamo' adicto' a comerno' como un loco'
Tus fantasía' oscura' yo te las provoco
Cuando lento tu cuеrpo choco
Ere' una dañaíta' y me encanta (Tra)
Te prefiero, mami, más que las otra' (Tra, tra)
Nos comemo', mami, fumando ganjah (Ey)
Cuando estoy contigo se me pasan las hora'
Despacio, tú y yo perreando, mami, la pared (Ajá)
Sintiéndote desnuda, ma', te imaginé (Ah)
Vámono' aparte donde nadie ve
Que te lo quiero hacer (KR, baby)

[Coro: Kevin Roldán]
Mamacita, tú me incita' a pecar
Solo esa boquita e' la que quiero besar
Desde que lo hicimo' no te dejo 'e pensar
Cómo tú te viene', mami, un manantial
Cuando nos comemos siento algo especial
Un deseo de ti que no puedo saciar
Bebé, si quieres bellaquear no dude' en llamar
Que sabe' que te voy a llegar

[Verso 2: Lyanno]
Ly-Ly
Yo te quiero dar castigo, ma'
Pero sin que no' fleche Cupido, yeh
Tú pon la' regla' y yo la' rompo si me da la gana
Y lo que hagamo' hoy no hay que hablarlo mañana
Y se ve chiquitita, pero e' una veterana
Ese booty se merece un premio to'a la semana
No' comemo' cuando no' dé la gana
Ojalá y te enrede' en mis sábana' y no salga' de mi cama
Porque tú, tú te merece'
Baby, que yo te dé un par de vece'
La clara, yo no puedo parar de pensar desde que te lo hice

[Puente: Kevin Roldán]
Ah, siempre que nos vemo' está mojaíta'
Ella e' salvaje en la intimidad
Le gusta tocarse, treparse
Y se moja a lo maniantal
Siempre que la veo está mojaíta'
Ella e' salvaje en la intimidad
Le gusta tocarse, treparse
Y se moja a lo maniantal

[Coro: Kevin Roldán]
Mamacita, tú me incita' a pecar
Solo esa boquita e' la que quiero besar
Desde que lo hicimo' no te dejo 'e pensar
Cómo tú te viene', mami, un manantial
Cuando nos comemos siento algo especial
Un deseo de ti que no puedo saciar
Bebé, si quieres bellaquear no dude' en llamar
Que sabe' que te voy a llegar

[Outro: Kevin Roldán]
Bofff
Vos sos una mamacita, baby
Es KR, Kevin Roldán
Junto a Ly-Ly-Ly, ey
It's Chain Trackz, baby
Ah, ah, ah, ah
King Records, mi amor
No hay competencia, baby"
Carlos Sadness,Todo Estaba Bien,soyungalgo,"[Letra de ""Todo Estaba Bien (ft. Manuel Medrano)""]

[Verso 1: Carlos]
Y lo bien que estaría volver a conocerse
En medio del ruido, entre tanta gente
Volver a la primera vez que te tuve delante
La primera palabra que me dedicaste

[Pre-Coro: Manuel, Carlos, Ambos]
Que bonito sería volver
Donde nadie vuelve y fuimos fugaces (Sí, sí)
Y empezarnos a conocer
Como si nunca lo hubieras llegado a hacer

[Coro: Carlos, Manuel, Ambos]
Y quedarnos a vivir
Cuando todo estaba bien, cuando me querías ver
Fuera la hora que fuera, fuese para no volver

Cuando todo estaba bien (Tan bien)
Cuando me querías ver
Aunque hiciera mucho frío en la punta de tus pies (Yeah)

[Post-Coro: Manuel, Carlos]
Me gusta cuando vamos a la playa
Vemos el mar juntos por la ventana
Medimos el tamaño de las olas
Surfeamos en la cama a todas horas

Me gusta cuando me hacías café (Hacías café)
Aunque tú sólo tomaras té
Y nos quedábamos despiertos toda la noche

[Verso 2: Manuel, Carlos, Ambos]
Cada día hay un amanecer
Pero nunca lo veo (Pero nunca lo veo)
Me quedo soñando, contigo

Porque todos tus besos son de un color diferente
Que nunca se repite, cambia constantemente (No)
Y empezarnos a conocer
Como si nunca lo hubieras llegado a hacer (Como si nunca lo hubieras)

[Coro - Variación: Carlos, Ambos]
Y quedarnos a vivir
Cuando todo estaba bien, cuando me querías ver
Fuera la hora que fuera, fuese para no volver

Cuando todo estaba bien (Tan bien)
Cuando me querías ver
Aunque hiciera mucho frío en la punta de tus pies
Cuando todo estaba bie-eh-eh-eh-en (Cuando todo estaba bien)

[Post-Coro 2: Carlos, Manuel, Ambos]
Me gusta cuando vamos a la playa (A la playa)
Vemos el mar juntos por la ventana
Medimos el tamaño de las olas
Surfeamos en la cama a todas horas

Me gusta cuando me hacías café
Aunque tú sólo tomaras té
Extraño besarme contigo toda la noche

[Outro: Manuel, Carlos]
Me gusta cuando vamos a la playa
Vemos el mar juntos por la ventana
Me gusta cuando me hacías café
Aunque tú solo tomaras té"
Bomba Estéreo,Profundo,soyungalgo,"I'm concentrate on the wrong side of the law
From the creator of this beautiful strip mall
A decimator of the cinder block world
A ventilator of the rallying call

One by one, I take them on
This will be my revolucion
One by one, they will be gone
I will not sleep till it be done

Basso profundo
Yeah everybody knows todo el mundo
It's shaking the windows, the tide is shifting
Everybody says, ""No Mas!"", the boat is drifting
From the ones who control us

They never have enough
They never have enough
They never have enough
The money is all that they love

They never have enough
They never have enough
They never have enough
The money is all that they love
All the world is for the taking
Just forget the hearts you're breaking
Is this love that you are making
Or is it a deal?

Renacimiento is something I can do
Este pobrecito has just gotten some bad news
Mis hermanos we so close
Ten thousand light years
From the ones we love the most

They never have enough
They never have enough
They never have enough
The money is all that they love

They never have enough
They never have enough
They never have enough
The money is all that they love

All the world is for the taking
Just forget the hearts you're breaking
Is this love that you are making
Or is it a deal?
You are my sugar
You are the salt upon the earth
When will they see you?
When will they pay you what you're worth?
Amor mio I'm so close
Solo tù y yo
That's what I want the most

But I never have enough
I never have enough
I never have enough
You'll be the death of me my love

I never have enough
I never have enough
I never have enough
You'll be the death of me my love

All the world is for the taking
Just forget the hearts you're breaking
Is this love that you are making
Or is it a deal?"
Zahara,MERICHANE,soyungalgo,"[Letra de ""MERICHANE""]

[Estrofa 1]
Yo estaba ahí cuando todos bailaban
Mojaban el dedo, se creían eternos
Yo estaba en el baño aguantando la puerta con mi espalda
Mientras les besaba la lengua
Yo estaba ahí en las oficinas de Universal
Tragando sermones sobre mi gran potencial
Yo estaba ahí abrazada a la taza del váter
Yo era incapaz de soltarla y ellos de mirarme

[Estrofa 2]
Yo estaba ahí en urgencias acariciando el límite
Necesitaba algo infalible
Yo estaba de rodillas pidiеndo perdón a vuestro Dios
Por no saber dеcirle que no

[Estribillo]
Yo-o-o-o
A-a-aún ahí y sin saber salir
Yo-o-o-o
A-a-aún ahí, sin saber salir
Y no logro huir

[Estrofa 3]
Yo estaba ahí cambiándole el nombre a mis amantes
En la lista de contactos
Yo estaba ahí dejándole las bragas usadas en el armario
Jodiéndole la vida a un extraño
Yo estaba en la otra habitación, escuchaba su respiración
Deseaba que no entrase
Yo estaba entre las sábanas ásperas del verano
Dejando de ser quién había soñado
[Estribillo]
Yo-o-o-o
A-a-aún ahí y sin saber salir
Y no logro sacarme de allí

[Estrofa 4]
Yo estaba ahí con las llaves en la mano
Acelerando el paso, fingiendo que hablaba con mi hermano
Yo estaba ahí dejándome hacer
Con tal de que acabase de una vez
Yo estaba ahí confesándome por haberme tocado
Creyendo que ese era el puto pecado
Yo estaba ahí metiéndome los dedos hasta el fondo
Queriendo vomitar las penas, la vida, el odio

[Estribillo]
Yo-o-o-o
A-a-aún ahí y sin saber salir
Yo-o-o-o
A-a-aún ahí, sin saber salir
Y no logro, no sé cómo sacarme de allí"
Rufus T. Firefly,Incendiosuicida,soyungalgo,"[Chorus]
Help me polarize, help me polarize, help me down
Those stairs is where I'll be hidin' all my problems
Help me polarize, help me polarize, help me out
My friends and I, we got a lot of problems

[Verse 1]
You know where I'm coming from
Though I am running to you
All I feel is deny, deny, denial

[Pre-Chorus]
I wanted to be a better brother, better son
Wanted to be a better adversary to the evil I have done
I have none to show to the one I love
But deny, deny, denial

[Chorus]
Help me polarize, help me polarize, help me down
Those stairs is where I'll be hidin' all my problems
Help me polarize, help me polarize, help me out
My friends and I, we got a lot of problems

[Verse 2]
Polarize is taking your disguises
Separating 'em, splitting 'em up from wrong and right
It's deciding where to die and deciding where to fight
Deny, deny, denial

[Pre-Chorus]
I wanted to be a better brother, better son
Wanted to be a better adversary to the evil I have done
I have none to show to the one I love
But deny, deny, denial

[Chorus]
Help me polarize, help me polarize, help me down
Those stairs is where I'll be hidin' all my problems
Help me polarize, help me polarize, help me out
My friends and I, we got a lot of problems

[Refrain]
Ah-da-da, da-da, da-da da-da
Ah-da-da, da-da, we have problems
Ah-da-da, da-da, da-da da-da
Ah-da-da, da-da, we have problems

[Bridge]
Domingo en fuego
I think I lost my halo
I don't know where you are
You'll have to come and find me, find me
Domingo en fuego
I think I lost my halo
I don't know where you are
You'll have to come and find me, find me

[Refrain]
Ah-da-da da-da da-da da-da
Ah-da-da da-da, we have problems
Ah-da-da da-da da-da da-da
Ah-da-da da-da, we have problems

[Chorus]
Help me polarize, help me polarize, help me out
My friends and I have problems
Help me polarize, help me polarize, help me out
My friends and I have problems
Help me polarize, help me polarize, help me out
My friends and I have problems
Help me polarize, help me polarize, help me out
My friends and I have problems, yeah
(We have problems)
Singing out, we're singing out, we're singing out
(We have problems)
Yeah

[Outro]
I wanted to be a better brother, better son
I wanted to be a better brother, better son
I wanted to be a better brother, better son"
Zahara,berlin U5,soyungalgo,"[Letra de ""Berlin U5""]

[Estrofa 1]
¿Recuerdas cómo era este amor salvaje?
Dormía en las alfombras, bebía de tu boca
Nunca pudimos ponerle un bozal y pasear
Siempre mordía justo después de besar

[Estribillo]
Llévame a bailar como si aún fuera real
Como si aún fuéramos ese animal
Como si el mundo no se fuera acabar
Como si el universo no tuviera un plan
Aunque quiera llorar, tú solo llévame a bailar

[Estrofa 2]
Este amor insomne comía nuestra mano
Corría desnudo, follaba sin descanso
Nunca pudimos domesticarlo ni acariciar
Cielo ebullendo al intentarlo atar

[Estribillo]
Llévame a bailar como si aún fuera real
Como si aún fuéramos ese animal
Como si el mundo no se fuera acabar
Como si el universo no tuviera un plan
Aunque quiera llorar, tú solo llévame a bailar
[Puente]
Nosotros que creíamos que éramos irrompibles
No escuchamos el tic tac, vivíamos al límite
Nosotros que creíamos que éramos irrompibles
No escuchamos el tic tac, tic tac, tic tac, tic tac, tic tac
Tic tac, tic tac, tic tac, tic tac, tic tac

[Estribillo]
Llévame a bailar como si aún fuera real
Como si aún fuéramos ese animal
Como si el mundo no se fuera acabar
Como si el universo no tuviera un plan
Llévame a bailar
Llévame a bailar"
Ozuna,Del Mar,soyungalgo,"[Letra de ""Del Mar""]

[Intro: Sia & Ozuna]
Ah-ah-ah-oh-oh-oh
Ah-ah-ah-eh-eh
Yeah-eh
Ah-ah-ah-ya-yo
Ozuna
Ah-ah-ah

[Coro: Ozuna & Sia]
Se pierde en la arena y el mar, ah-ah-ah (Ah-ah-ah)
¿Estaré soñando yo? Se ve tan tropical (Oh-oh; tan tropical)
El sol está que quema y quiero má' (Quiero má')
Le dije: ""Baby, ¿qué pasó?"" (Woh-oh-oh)
Pa'l agua, que hace calor
Se pierde en la arena y el mar, yeah, ah-ah-ah, yeah
¿Estaré soñando yo? Se ve tan tropical (Tan tropical)
El sol está que quema y quiero más (Quiero más)
Le dije: ""Baby, ¿qué pasó?""
Pa'l agua, que hace calor eh-eh-еh (Oh-oh; eh-eh-eh)

[Verso 1: Doja Cat]
Gimmе more, gimme more (Gimme more)
Tell me you want this waistline
Dímelo, dímelo (Dímelo)
Kiss my skin, I won't tell lies
Lucky son of a gun
I give you that no stress life
Vacation, live our best life
Whenever you want
Boy, I need you like a vacay
Need you like I need you like I, eh-eh
'Cause we just keep on drinkin' like we straight from the sea
Wet, got a big pussy like my man ain't drippin'
If you fuckin' with me then you fancy living
Mini jean skirt with the crop top fitted
Tell me he don't like when I got panties with it
Long hair, wet wave, Pantene in it
Big bag, wallet got mad cheese in it (Haha)
I don't need a ticket 'cause I'm past these bitches (Hah)
Get it past these bitches, get it past these bitches like

[Coro: Ozuna & Sia]
Se pierde en la arena y el mar, ah-ah-ah (Ah-ah-ah)
¿Estaré soñando yo? Se ve tan tropical (Tan tropical)
El sol está que quema y quiero má' (Quiero má')
Le dije: ""Baby, ¿qué pasó?"" (Woh-oh-oh)
Pa'l agua, que hace calor
Se pierde en la arena y el mar, yeah, ah-ah-ah, yeah
¿Estaré soñando yo? Se ve tan tropical (Tan tropical)
El sol está que quema y quiero más (Quiero más)
Le dije: ""Baby, ¿qué pasó?""
Pa'l agua, que hace calor (Calo-o-or, eh)

[Verso 2: Sia & Ozuna]
Cuerpo natural, no tiene compe (No tiene compe)
Donde ella le llega siempre rompe (Siempre rompe)
Prende algo que quiere quemar, dolores olvidar
Hoy quiere salir, la calle la espera
I love the way that you smile
I love the way that you smell
I love the faces you make when you storytell
I love the way that you are
I love the things that you do
The things that you do when you think I ain't watchin' you

[Coro: Ozuna & Sia]
Se pierde en la arena y el mar, ah-ah-ah (Ah-ah-ah)
¿Estaré soñando yo? Se ve tan tropical (Oh-oh; tan tropical)
El sol está que quema y quiero má' (Quiero má')
Le dije: ""Baby, ¿qué pasó?"" (Woh-oh-oh)
Pa'l agua, que hace calor
Se pierde en la arena y el mar, yeah, ah-ah-ah, yeah
¿Estaré soñando yo? Se ve tan tropical (Tan tropical)
El sol está que quema y quiero más (Quiero más)
Le dije: ""Baby, ¿qué pasó?""
Pa'l agua, que hace calor (Eh, eh, eh)

[Outro: Ozuna & Sia]
Woh-oh-oh-oh-oh, yeah-eh
El Negrito Ojo' Claro' (Oh-oh-oh)
Ozuna, ja
Dynell
Hi Music Hi Flow (Oh-oh-oh)
Hyde ""El Químico""
Dímelo, Gotay (Ah-ah-oh)
Yazid"
The Low Flying Panic Attack,Blade Runner,soyungalgo,"Yuh Yuh Yuh Yuh Yuh Yuh

[Intro & Chorus]
Shut the fuck up, pussy
Say something
I'm the blade runner
Bury me
Rest in peace
To my brother
Fuck my enemies
Let ’em burn, never let 'em breathe
Baby I'm inside ya
Sever young Messiah
War rider
Rattle in the cage behind ya
Baby I’m a liar

[Verse 1]
I'm at the top of my life
I'm at the top of my mind
Cut all my negative energy ties
So I can just free what's inside
Flowing my chakras the final align
I'm at the top of my level
I made my peace with the reaper but I am now slaying the Devil
Fuck my anxiety I wil slay all of my enemies
Fighting what's hiding inside of me (yah)
Evil mistress psychic bitches
Sacred wishes
Sacred lunatic screaming fuck these stupid witches
Fuck 'em all
You just wanna see me fall
You just wanna see me crawl
But we got the vision
I got the sick twisted gift from the village
'Cus I am the villainous Krillan
Coming to pillage the village
The venemous scrimage
The slashing and ripping
I am the intellect maddest of scientists coming to recollect [?]
Fuck up my life

[Chorus]
Tell me what you want the blessing in
We end up fighting and wrestling
Tell me what you want a section in
I’m at the top of my life
I’m at the top of my level
Life is so innocent, size of a pebble
I sit with the devil
Tell 'em that this is the end of it
Tell ’em that this is the end of it
[Verse 2]
Man I'm- Man I'm fucked up
I don't trust a mo
Mothafucka
I just let her suck my nuts up
’Cus I'm sipping cyanide steady in my mind
I'm just cruising with the reaper next to me
But no it's not my time, yuh
Trade my soul but baby that's a lie yuh
Glock is right beside us
'Bout to pull it
He not looking
Fuck around and make us all immortal
Open up that portal
I'm tha' warlord
I'm tha' king you need to worship
I'm just surfin' on the lava and the demons taking over me
Do not fall asleep
I can feel this energy beneath
Exciting me I got a smile so can't you see
They told me do not fall asleep
Or i will face the beast
Or I will face the beast

[Chorus & Outro]
Tell me what you want the blessing in
We end up fighting and wrestling
Tell me what you want a section in
I'm at the top of my life
I'm at the top of my level
Life is so innocent, size of a pebble
I sit with the devil
Tell 'em that this is the end of it
Tell 'em that this is the end of it
Shut the fuck up, pussy
Say something
I'm the blade runner
Bury me
Rest in peace
To my brother
Fuck my enemies
Let 'em burn, never let 'em breathe"
Cala Vento,Teletecho,soyungalgo,"Borracho de spiz y alcohol
Teletecho o propofol (bis)

El mismo dilema de cada fin de semana
El pasártelo bien
O no meterte nada
Acostarte los domingos como el rey del pop
Elige teletecho o dormir con propofol

Elijo propofol

Borracho de spiz y alcohol
Teletecho o propofol (bis)

El mismo dilema de cada fin de semana
El pasártelo bien
O no meterte nada
Acostarte los domingos como el rey del pop
Elige teletecho o dormir con propofol

Elijo propofol

Borracho de spiz y alcohol
Teletecho o propofol (bis)

Dame un poco más de propofol por favol (x4)
Propofol"
Gata Cattana,Lisístrata,soyungalgo,"[Verso 1]
Yo no camelo perfumes de Nina Ricci
Soy más de libros de la Silvia Federici
Será mejor que trates mejor a esas bitches
No sea que de repente me escuchen y se compinchen
Os lo tengo dicho, os lo dejo hecho
Al punto, la teoría King Kong no apunta
Facilito tronco, deja de poner impedimentos
Deja de ser un experimento
Déjame ser otra cosa que no sea un cuerpo
Deja de follarme con los ojos ya de paso
Cuando paso por la calle sola en todo momento
Porque me cago en to'
Yo, en pleno siglo veintiuno
Que tenga que venir la Ana a rebatir a Freud
La tradición es larga desde Nietzsche hasta Unamuno
De Aristóteles a Darwin, desde Franco hasta Rajoy
De aquellos barros, estos lodos, sé por dónde voy
Que las cosas no han cambia'o demasiado a día de hoy
Haciendo make it rain a lo Hard Candy
Modus operandi, raya'os, estampa'os rollo punky

[Interludio]
Eres la puerta del demonio
Eres la que quebró el sello de aquel árbol prohibido
Eres la primera desertora de la ley divina
Eres la que convenció a aquel a quien el diablo no fue suficiente para atacar
Así de fácil destruiste la imagen de Dios y el hombre
A causa de tu deserción, mujer

[Verso 2]
Que venga Dios y lo vea
Como a Gea se la marginó
Ardió en la hoguera con tres brujas durante la Inquisición
Vale, que monten sus ministros festivales feministas contra la segregación
Alimentando el tópico con discriminación
Positiva que es mentira, no es ninguna solución
Yo hago lo que quiero bajo el ""Niña no andes sola""
Mujer en toda regla, poetisa con mayúscula
Descontrolá por la ciudad cantando hardcore
Con camisa y tacones altos
Con la moral muy por encima de sus cuentos
Como la de otras tantas putas que mueren callando

[Coro]
Y ando cayendo ya, encallándome en mi
Propia guerra civil como Lisístrata
Sin más que decir, que aportar a la causa

[Verso 3]
Rosa Luxemburgo, Campoamor, guerra amazona
Vestal romana, sendero impío hacia la vida humana
Keny Arkana, Safo, Hipatia, Parks y Hatshepsut
Yo os invoco hijas de Eva buscando una luz
Buscando una luz, buscando una luz
Yo os invoco hijas de Eva buscando una luz
Buscando una luz, buscando una luz
Yo os invoco hijas de Eva...
Desde que Prometeo les mostró el truco del fuego
Sometieron nuestro ego desde Atenas a Estambul
Tú y cuántos como tú contra estas dos titánides
Corre ve y dile a aquel que no vamos a ser tan dóciles
Imbéciles se creen que son la élite caerán
Por su propio peso cuando rescate a Eurídice
Lapídame, humíllame, si quieres ponme un burka
Arráncame la voz y el clítoris pa' ser más pulcra
Escóndeme, tápame bien ese escote impuro
No sea que te pervierta o te transporte al lado oscuro
No sea que te intoxique con mi psique de cianuro
La mujer es el diablo eso seguro, ten cuidao'

[Coro]
Y ando cayendo ya, encallándome en mi
Propia guerra civil como Lisístrata
Sin más que decir, que aportar a la causa
Un tributo a mis musas que luchan

[Outro]
Diciendo que la mujer, si no es prostituta es tonta
Pero si es que no es ninguna de las dos, lo que sí está seguro es que es mala
Las mujeres no somos ni malévolas, ni malignas
No engendramos el demonio, y tampoco somos santas
O que nos santificamos cuando llegamos a ser madres
Las mujeres somos mujeres"
Lágrimas De Sangre,Quemar el Mar,12135676007,"[Letra de ""Quemar el mar""]

[Verso 1: Neidos]
El poder de un paisaje puede devolver
Cada momento que has perdido y se ha queda'o atrapa'o
Hacer planes y ver que to' está por hacer
Que para tanto nunca estás prepara'o
Y ahora estallará esta vida que esperabas
Te aparecerá en clariana, reconocerás la esencia
Te reclama: ""Ven, chaval"" y como un vendaval
Arrasa todo y cuanto has sido, y reconstruye tu inocencia
Y al subir al cielo en la azotea
Florecen archipiélagos de ideas, y en mi piel una odisea
En tu lengua hay una hoguera
Amanece suave y cura poco a poco
Sabes que avanzamos por la holgura de los márgenes
Saboreamos veranos dónde no seamos extraños
Fantaseamos, porque ahí fuera
La realidad nos desespera, no tolera y hace daño
Y antes de que te engulla la abulia, a quemarla
Te ofrezco mis palabras, Omnia sunt comunia
Compartimos las penurias
Repartiendo los segundos con los tuyos como lluvia
Y si al horizonte subes
Los dramas de un mes te dan lo que les des
Si lo sientes no dudes, hazte caso de veras
Piensa cuantas veces podríamos, seríamos, podrás
[Coro: Microbio]
Estábamos sentados en el borde del mundo
Contemplando la inmensidad
Pensando en si quedarnos o tirarnos y punto
Y llevarnos por delante el mar
Óyeme, oye ma'
Tú consigues que lo queme y que me dé todo igual
Y por fin volar de esta cárcel de normas

[Verso 2: Microbio]
Siempre que salto a la palestra
Lo hago con la mente puesta
En esta verdad, la música nos completa
Nos revitaliza, nos alienta
Nos quita la tontería, del tirón nos alimenta
Nos hace vibrar en las frecuencias más altas
Nos evita el malestar y nos encanta, y eso no nos lo podrán quitar
Los colegas, las cervezas, las historias de la peña
Bailes que la Luna llena nos enseña
Si se oferta en esta fiesta es pa' que te diviertas
Experimentar libertad y cimentar la mente abierta
No es lo que tengas, ni es como perreas
Ni es tu aspecto, eso no te lo creas
Si a la gente le gustas, es por las ganas de vivir que desprendes
Por eso me alegro si mi canción alegra a algún depre
Yo rapearé cómo se debe, que la vida es breve
Y este sistema nos agrede ¿Cómo se atreve?
Pero aquí estamos bien, tenemos algo de beber y buen ambiente
Y gente diver divergente que respeta, que te rula el peta
Que si estás cojo te hacen de muleta
Gente que no te dejaría en la cuneta, esos me representan
He estado pensando en si conectas
Te lo quiero dejar claro en estas letras, yo lo flipo cuando tú estás
Tengo algunos versos dando vueltas al planeta
Y ese afecto que me afecta y que te debo, algo en lo que pensar
[Coro: Microbio]
Estábamos sentados en el borde del mundo
Contemplando la inmensidad
Pensando en si quedarnos o tirarnos y punto
Y llevarnos por delante el mar
Óyeme, oye ma'
Tú consigues que lo queme y que me dé todo igual
Y por fin volar de esta cárcel de normas

[Puente: Microbio]
Era cómo fuego y lo tuvimos que quemar
Vivimos a vivir, no a morir, no a matar
¡Qué arda el mar!

[Verso 3: Still Ill]
Fueron tantos años en el barro
Honestamente en esta mente no siempre se vence al solitario
Dolió dejar el pueblo, luego el barrio
Si aún estamos aquí
Es porque el instante que nos une es necesario
Porque es sanador, revelador, depurador y sabio
Como tenerte al lado y estar cómodo
Como escuchar la nota y sentir algo en el estómago
La cabeza aleja la maleza y el corazón dice gózalo
El mundo que queremos es real en este trance
Si quieres que avance dale chance
Si toda la energía corresponde y tú lo puedes contemplar
No es casualidad es la esperanza que se expande
Y si hay algo mejor que ser feliz, lo juro es ser feliz en grupo
Si no ves bien el bolo yo te aúpo, ocupo tu rulot y cumplo el cupo
Me gustas cuando cantas
Las balas que disparas van cargadas de futuro
Se estuvo tan a gusto viendo el mar desde andén
Que fue lo más prudente dejar escapar el tren
Faltar ese día a clase por seguir así el viaje
Respirar y acabar juntos la frase
[Puente: Microbio]
¡Qué arda el mar!
Era puro fuego y nos pusimos a jugar
Cerrar los ojos y saltar, y mojarse, y dejarse llevar

[Coro: Microbio]
Estábamos sentados en el borde del mundo
Contemplando la inmensidad
Pensando en si quedarnos o tirarnos y punto
Y llevarnos por delante el mar
Óyeme, oye ma'
Tú consigues que lo queme y que me dé todo igual
Y por fin volar de esta cárcel de normas

[Outro]
Y tú consigues que lo queme y que me dé todo igual
(Y tú consigues con tu fuego qué arda el mar)
Y tú consigues que lo queme y que me dé todo igual
(Y quemar esas miserias hasta la eternidad)
Y tú consigues que lo queme y que me dé todo igual
(Y como un intérprete descifrarme las mejillas)
Y tú consigues que lo queme y que me dé todo igual
(Volar a la batalla, libre, y saltar)"
Creedence Clearwater Revival,Up Around The Bend,12135676007,"[Verse 1]
There's a place up ahead, and I'm goin'
Just as fast as my feet can fly
Come away, come away if you're goin'
Leave the sinkin' ship behind

[Chorus]
Come on the risin' wind
We're goin' up around the bend
Oooh!

[Verse 2]
Bring a song and a smile for the banjo
Better get while the getting's good
Hitch a ride to the end of the highway
Where the neons turn to wood

[Chorus]
Come on the risin' wind
We're goin' up around the bend
Oooh!

[Verse 3]
You can ponder perpetual motion
Fix your mind on a crystal day
Always time for good conversation
There's an ear for what you say

[Chorus]
Come on the risin' wind
We're goin' up around the bend
Yeah!

[Guitar solo]
Oooh!

[Verse 4]
Catch a ride to the end of the highway
And we'll meet by the big red tree
There's a place up ahead, and I'm goin'
Come along, come along with me

[Chorus]
Come on the risin' wind
We're goin' up around the bend
Yeah!

[Outro]
Doo, doo, doo-doo
Doo, doo, doo-doo, ooh
Doo, doo, doo

Doo, doo, doo-doo, yeah
Doo, doo, doo-doo
Doo, doo, doo, doo, all right"
AC/DC,It's a Long Way to the Top (If You Wanna Rock 'N' Roll),12135676007,"[Verse 1]
Ridin' down the highway
Goin' to a show
Stoppin' on the byways
Playin' rock 'n' roll

[Pre-Chorus]
Gettin' robbed, gettin' stoned
Gettin' beat up, broken boned
Getting had, getting took
I tell you folks, it's harder than it looks

[Chorus 1]
It's a long way to the top, if you want to rock 'n' roll
It's a long way to the top, if you want to rock 'n' roll
If you think it's easy doing one night stands
Try playing in a rock-roll band
It's a long way to the top, if you want to rock 'n' roll

[Bagpipes Solo]
[Guitar Solo]

[Verse 2]
Hotel, motel
Make you want to cry
Ladies do the hard sell
Know the reason why

[Pre-Chorus]
Gettin' old, gettin' gray
Gettin' ripped off, underpaid
Gettin' sold, second-hand
That's how it goes, playin' in a band

[Chorus]
It's a long way to the top, if you want to rock 'n' roll
It's a long way to the top, if you want to rock 'n' roll
If you wanna be a star of stage and screen
Look out, it's rough and mean
It's a long way to the top, if you want to rock 'n' roll
It's a long way to the top, if you want to rock 'n' roll

[Outro]
Well, it's a long way
Oh, it's a long way
(You should have told me)
It's a long way
Such a long way"
Bongo Botrako,Caminante,1123075332,"Sientes que esta vida no te va a perdonar
Sientes que es urgente no dar un paso atrás
Empiezas mil caminos, no van a ningún lugar
Pues amigo no hay camino, se hace camino al andar

Seguir andando tarareando esa canción
Seguir andando sonriendo al corazón
Seguir andando, no rumbo no dirección
Seguir andando, viento se vuelve a favor

Ya verás que no es tan difícil
Ya verás que no es el final
Ya verás que queda más cerca
Ya verás, si más lejos estás

Tienes la energía, tienes ganas de empezar
Tienes la salida, tienes la oportunidad
Está todo en tus manos, no lo dejes escapar
Quita ya las penas y vamos a caminar

Seguir andando tarareando esa canción
Seguir andando sonriendo al corazón
Seguir andando, no rumbo no dirección
Seguir andando, viento se vuelve a favor

Ya verás que no es tan difícil
Ya verás que no es el final
Ya verás que queda más cerca
Ya verás, si más lejos estás
Cada paso que doy es un paso que vive
Cada paso hacia alante es un paso que vivo
El tiempo no es una autopista de la cuna hasta la tumba
Si no hay espacio para crecer bajo el sol

Ya verás que no es tan difícil
Ya verás que no es el final
Ya verás que queda más cerca
Ya verás, si más lejos estás"
Xoel López,Lodo,1123075332,"[Verse 1]
It's not the end of the world tomorrow
I don't know if I can wait that long
Choosing to die's a hard pill to swallow
But come with me, it will be fun
And I hate everything I seen
And I hate everything you said
No time remains to make things right
I'm gonna drink to death tonight

[Chorus]
Taking cheap shots like
[?]
Bleeding in my brain is
Gonna kill me
Nothing under 3.0 in my last breath
I'm gonna drink myself
To death

[Verse 2]
Drowning, man, it seems way too painful
No chance in hell that I'll get laid
As long as I'm mixing things together
I'm gonna go out with a bang
Go out with my friends around me
No eulogy! I don't want fame
As that last shot tears me apart
I'll turn the pub to a mass grave
[Chorus]
Taking cheap shots like
[?]
Bleeding in my brain is
Gonna kill me
Nothing under 3.0 in my last breath
I'm gonna drink mysеlf
To death

[Outro]
Eighty-sixed from Lodo
Got eighty-sixеd from Three Kings
Eighty-sixed from the [?]
Eighty-sixed from everything!
Eighty-sixed from Lodo
Got eighty-sixed from Three Kings
Eighty-sixed from the [?]
Eighty-sixed from everything!
Eighty-sixed from Lodo
Got eighty-sixed from Three Kings
Eighty-sixed from the [?]
Eighty-sixed from everything!
Eighty-sixed from Lodo
Got eighty-sixed from Three Kings
Eighty-sixed from the [?]
Eighty-sixed from everything!"
C. Tangana,Los Tontos - Live at NPR's Tiny Desk,1123075332,"[Letra de ""Los Tontos (Live at NPR’s Tiny Desk)""]

[Intro: La Húngara]
Vamo' allá, vamo' allá, Kiko

[Pre-Estribillo: Kiko Veneno & C. Tangana, Todos]
Na-na-na-nau (¿Qué pasa?), na-na-na-nau (Eso es)
Na-na-na-nau, na-na-na (Alegría)
Na-na-na-nau, na-na-na-nau
Na-na-na-nau, na-na-na

[Estribillo: Kiko Veneno, C. Tangana & La Húngara]
Tú te has creío' (Ole) que por ser yo bueno (Kiko; toma)
Puedes ir pisando por donde friego (Que vámonos)
Crees que eres el sitio (¿Qué pasa?) donde estoy cayendo (Eso es; 'cha)
Pero con las mismas que has venío' te puedes ir yendo (Ole)

[Refrán: C. Tangana, Antonio Carmona & La Húngara]
Porque te advierto que me he cansa'o (Pucho)
Que hasta los tontos tenemos tope
Y esta vez voy a acertar aunquе sea de rebotе (Ole)
Porque te he perdona'o
Pero hasta los tontos tenemos tope
Y esta vez voy a acertar aunque sea de rebote (Agua; toma que toma)

[Estribillo: C. Tangana]
Tú te has creío' que por ser yo bueno (Ole; ole)
Que puedes ir pisando por donde friego
Crees que eres el sitio donde estoy cayendo
Pero con las mismas que has venío' te puedes ir yendo
[Refrán: C. Tangana & La Húngara]
Porque te advierto que me he cansa'o (Pasa)
Que hasta los tontos tenemos tope
Y esta vez voy a acertar aunque sea de rebote
Porque te he perdona'o (Pasa)
Pero hasta los tontos tenemos tope
Y esta vez voy a acertar aunque sea de rebote (¡Vamos!)

[Puente: Todos & Antonio Carmona]
No te escucho, uah-uah-uah
Hablas mucho, a ver si te callas ya
Cuando quieras baja a verme, ya verás la que te espera (Ole)
Con culebras y serpientes (Ole), vo'a meterte en la nevera (Toma, toma)
Cuando quieras baja a verme, ya verás la que te espera
Con culebras y serpientes vo'a meterte en la nevera

[Pre-Estribillo: Todos & La Húngara]
Na-na-na-nau, na-na-na-nau ('Cha, 'cha, 'cha)
Na-na-na-nau, na-na-na
Na-na-na-nau, na-na-na-nau
Na-na-na-nau, na-na-na

[Puente: Alizzz & Kiko Veneno]
Tú que te has creío'
Every time I see you falling
I get down on my knees and pray
I'm waiting for that final moment
You say the words that I can't say
Every time I see you falling
I get down on my knees and pray
I'm waiting for that final moment
You say the words that I can't say
[Pre-Estribillo: Todos, La Húngara, Antonio Carmona & C. Tangana]
Na-na-na-nau, na-na-na-nau (Quieto, y eso)
Na-na-na-nau (Vamo'), na-na-na (Toma que toma; ¿cómo es?)
Na-na-na-nau, na-na-na-nau
Na-na-na-nau, na-na-na

[Estribillo: Kiko Veneno & C. Tangana]
Tú que te has creío' (Kiko) que por ser yo bueno (Ole; sí, eh)
Puedes ir pisando por donde friego
Crees que eres el sitio donde estoy cayendo (Vamo')
Con las mismas que has venío' te puedes ir yendo (Ole; que vámono')
Tú que te has creío' que por ser yo bueno (Na-na-na-nau, na-na-na-nau)
Puedes ir pisando por donde friego (Na-na-na-nau, na-na-na)
Crees que eres el sitio donde estoy cayendo (Na-na-na-nau, na-na-na-nau)
Con las mismas que has venío', mira (Na-na-na-nau, na-na-na)

[Outro: Antonio Carmona]
Ole
Ole
Ole
Ole, ole, ole, ole"
C. Tangana,Hong Kong,1123075332,"Lord hear me now
Junk boats and English boys
Crashing out in super marts
Electric fences and guns

You swallow me
I'm a pill on your tongue
Here on the nineteenth floor
The neon lights make me calm

And late in a star's life
It begins to explode
And all the people in a dream
Wait for the machine
To pick the shit up, leave it clean

Kid, hang over here
What you learning in school?
Is the rise of an Eastern sun
Gonna be good for everyone?

The radio station disappears
Music turning to thin air
The DJ was the last to leave
She had well conditioned hair
Was beautiful, but nothing really was there

[Instrumental]"
Panic! At The Disco,High Hopes,1123075332,"Next time you're found, with your chin on the ground
There a lot to be learned, so look around

Just what makes that little old ant
Think he'll move that rubber tree plant
Anyone knows an ant, can't
Move a rubber tree plant

But he's got high hopes, he's got high hopes
He's got high apple pie, in the sky hopes

So any time you're gettin' low
'stead of lettin' go
Just remember that ant
Oops, there goes another rubber tree plant

When troubles call, and your back's to the wall
There a lot to be learned, that wall could fall

Once there was a silly old ram
Thought he'd punch a hole in a dam
No one could make that ram, scram
He kept buttin' that dam

'Cause he had high hopes, he had high hopes
He had high apple pie, in the sky hopes

So any time you're feelin' bad
'stead of feelin' sad
Just remember that ram
Oops there goes a billion kilowatt dam

All problems just a toy balloon
They'll be bursted soon
They're just bound to go pop
Oops, there goes another problem kerplop"
Panic! At The Disco,"Hey Look Ma, I Made It",1123075332,"[Verse 1]
All my life, been hustlin' and
Tonight is my appraisal
'Cause I'm a hooker sellin' songs and
My pimp's a record label
This world is full of demons stocks
And bonds and bible traders
So I do the deed, get up and leave
A climber and a sadist, yeah

[Pre-Chorus]
Are you ready for the sequel?
Ain't ready for the latest?
In the garden of evil
I'm gonna be the greatest
In a golden cathedral
I'll be praying for the faithless
And if you lose, boo-hoo

[Chorus]
Hey look ma, I made it
Hey look ma, I made it
Everything's comin' up aces, aces
If it’s a dream, don't wake me, don't wake me
I said, “Hey look ma, I made it”
[Verse 2]
Friends are happy for me or
They're honeysuckle phonies
Then they celebrate my medals or
They wanna take my trophies
Some are loyal soldiers while
These other thorns are rosy
And if you never know who you can trust
Then trust me, you'll be lonely, oh

[Pre-Chorus]
Are you ready for the sequel?
Ain't you ready for the latest?
In the garden of evil
I'm gonna be the greatest
In a golden cathedral
I'll be praying for the faithless
And if you lose, boo-hoo

[Chorus]
Hey look ma, I made it
Hey look ma, I made it
Everything's comin' up aces, aces
If it's a dream, don't wake me, don't wake me
I said, “Hey look ma, I made it, I made it”
I said, “Hey look ma, I made it, I made it”
I see it, I want it, I take it, take it
If it's a dream, don't wake me, don't wake me
[Outro]
I said, “Hey look ma, I made it”
(Mama best believe it)
(Mama best believe it)
Hey look ma, I made it
(Think I must be dreamin')
(Wide awake and dreamin')
Hey look ma, I made it
(Mama best believe it)
(Mama best believe it)
Hey look ma, I made it
(Think I must be dreamin')
Hey look ma, I made it"
Kid Cudi,Immortal,1123075332,"[Intro]
21
I feel like the motherfuckin' Grim Reaper
The biggest smoke blower
Put a motherfuckin' chimney on my stick

[Verse 1]
Brand new MAK-90 with the drum attached (Drum)
You a shit talker, we got drums for that (On God)
Tryna fist fight? Boy, you dumb for that (Stupid)
You gon' get a bullet in your lung for that (Stupid)
Draco get to kickin' like Liu Kang (21)
F&N on me in the Mulsanne (Straight up, straight up)
Glock 19 in the Blue Flame (Straight up, straight up)
I was strapped when I slid inside your boo thang (On God)
21 immortal, we'll never die (21)
Loyal to my brothers (Yeah), I'll never lie (On God)
Call me bird dog 'cause I cheat and I'm fly (Straight up)
And I love winnin', I'm upset if it's a tie (On God)
Get you off the ground just to knock you to the floor (Yeah)
Let's go blow for blow (Yeah), let's go toe to toe (Straight up)
When it's time to battle, they don't never ever show (21)
When it's time to battle, I'm the first one at the door (21)
At the door with a Draco
Don't nobody move, I don't wanna have to blow
Rappin' ass niggas get spinned at they show
That's why I need some help, I got a fetish for the smoke
It get fatal in the bottom, used to rumble in the den (21)
Hit him with a combo, gotta finish him (21)
AK make you frown since you think you wanna grin (Straight up)
Seems like all the models just be fallin' in my DM's (Yeah)
Coolant on the TEC, it get hot like Scorpion (Hot)
I'll burn his ass, lil' buster
You thought it was straight, I got some chemicals in this magazine
I'll perm his ass (Mark ass nigga)
Wanna be a gangster, but he misguided (Bitch)
I'll learn his ass (On God, nigga)
He went against me and they called 9-1-1 (21)
They had to infirm' his ass (You gon' be next, nigga)
""How many tops you done got popped?"" Whole bunch
""How many times you ran from the smoke?"" Nigga, not once
Eastside nigga fuckin' all the hoes, and I love guns
Ain't no fucking diamonds in my mouth, nigga, these gold fronts
And we known to handle all the business, nigga, ASAP
Had her at the slaughterhouse, how the fuck you cape that?
Ain't no body shots, nigga, you know I told him face that
Now he in the ocean, heard they hit him in his wave cap
You took your shot and you missed it (21)
I just beat it up and you kissed it (Ugh)
Took the rap game and I milked it (Yeah)
Took the rap beef and I killed it
Neck all froze like Sub Zero, dawg (Straight up)
He wifed a thot, he a hero, dawg (Straight up)
All I care about is my dinero, dawg (On God)
Only thing I'm chasing is dineros, dawg (Straight up)
Dread-headed killer like Cyrax (21)
Brought a gun to a fist fight like Jax (Pew-pew-pew-pew-pew)
Nah, fuck that, only thing scare me is a rat (Snitch)
Slaughter Gang, pick your poison, dagger or the axe (Straight up)
Stand-up guy, they respect my mind (On God)
If you foul out, get a tech', my nine (Straight up)
If you ain't a hundred, don't text my line (Lil' bitch)
If you know you hatin', don't check my Live (Snitch)

[Chorus]
You know I'm Slaughter Gang so the smoke is immortal
Ain't nothin' changed, I'll slaughter your daughter
She said she was a dime, but her friend was a quarter
I had a threesome, then I flushed the rubber down the toilet
She tried to give me head, it was boring
Codeine got a nigga snoring
I wonder if she would've slept with the poor me
Savage keep a Draco and it corn beef

[Verse 2]
Chopper cut you up like Kitana (Ching-ching)
My chopper in the band, it's a drummer (Drumroll)
Russell Westbrook, I was strikin' like the Thunder (Woah, woah)
You was somewhere runnin' 'round whinin' to your mama (21)
Y'all play conservative, we gon' send a blitz (Straight up)
I'm the type to catch a tech', foul, hit him in his shit (On God)
He think he a made man, hit him in the head (Pussy)
Don't you try to run now, hit him in the leg (Rraow)
People wanna say the stuff I say, but they be scared (Pussy)
Jab turn a lightskin pretty boy red (21)
It's a fatality if you try to handle me (Yeah)
Real top shotta, don't you ever try to ramp with me (On God)
Got enough bullets that could kill your whole camp with me (Rrah)
I was bad as hell in school, they even tried to counsel me (21)
I don't like to talk, don't you try to tongue-wrestle me (On God)
And my block good, you'll never get the best of me (Straight up)

[Chorus]
You know I'm Slaughter Gang so the smoke is immortal
Ain't nothin' changed, I'll slaughter your daughter
She said she was a dime, but her friend was a quarter
I had a threesome, then I flushed the rubber down the toilet
She tried to give me head, it was boring
Codeine got a nigga snoring
I wonder if she would've slept with the poor me
Savage keep a Draco and it corn beef"
Old Spice,El Virilcico,12135676007,"[Letra de ""El Villancico de los Pobres""]

[Intro]
En estas fechas señaladas os deseo
A todos y a todas que seáis felices
Por que el resto del año cada vez que os veo
Bajo la mascara siento tus ojos tristes

Pero mira como beben los peces en el río
Esa frase me ha rayao' desde crío
¿Pero enserio, los peces beben cuando están ahí metidos?
Aun no lo he resolvio'

Salir de fiesta en noche vieja y volver el día tres
Por que en burrito sabanero tuve que ir a belén
Y si me ve esa policía me detiene
Me hacen soplar en el burro y se me llevan los papeles
Las bolas y el arbolito el champan los villancicos
Los mantecaos', el marisco, la rebeca esa de abuela
El gorrito con la bola, los petardos y panderetas
Por mi te los puedes meter por donde quieras que te quepa

Navidad, blanca navidad
A mi que soy un agarrao' y no me gusta gastar
La verdad es que sufro en navidad
Te regalo esta canción, así que no me pidas más
Aunque estemos en navidad, blanca navidad
A mi que soy un agarrao' y no me gusta gastar
La verdad es que sufro en navidad
Te regalo esta canción, así que no me pidas más
Ho, ho, ho, Foyone en la casa

A mi no me deséis feliz navidad
Que tengo cero en el banco, na' de na' puedo comprar
Además siempre en estas fechas yo me suelo resfriar
To'l día con el moquillo y la garganta destroza'
Ah, en mi ciudad no hay muñecos de nieve
Pero se quedan muñecos al meterse lo que no deben
Que le den al de la barba aquí somos mas de los reyes
Nunca he visto un reno pero a un camello muchas veces
El año que viene vas a dejar el tabaco
Te vas a puntar al gimnasio pa' que tos te vean guapo
Y el día 1 en el estanco estas comprándote un paquete
Comiendo una pizza, de postre unos donnetes, ah

Bueno que sepáis que no hay regalos
Tengo un puesto fijo pero en la cola del paro
Claro que pa'l 2020 voy a ser el presidente
Las navidades siguientes va a ver de todo pa' mi gente

Navidad, blanca navidad
A mi que soy un agarrao' y no me gusta gastar
La verdad es que sufro en navidad
Te regalo esta canción, así que no me pidas más
Aunque estemos en navidad, blanca navidad
A mi que soy un agarrao' y no me gusta gastar
La verdad es que sufro en navidad
Te regalo esta canción, así que no me pidas más"
Malú,Invisible,e0q1xrcn5p77job8m2nye7w88,"[Verse 1]
Crowded hallways are the loneliest places
For outcasts and rebels
Or anyone who just dares to be different
And you've been trying for so long
To find out where your place is
But in their narrow minds
There's no room for anyone who dares to do something different
Oh, but listen for a minute

[Chorus]
Trust the one
Who's been where you are wishing all it was
Was sticks and stones
Those words cut deep, but they don't mean you're all alone
And you're not invisible
Hear me out
There's so much more to life than what you're feeling now
Someday you'll look back on all these days
And all this pain is gonna be invisible
Oh, invisible

[Verse 2]
So your confidence is quiet
To them, quiet looks like weakness
But you don't have to fight it
'Cause you're strong enough to win without a war
Every heart has a rhythm
Let yours beat out so loudly
That everyone can hear it
Yeah, I promise you don't need to hide it anymore
Oh, and never be afraid of doing something different
Dare to be something more

[Chorus]
Trust the one
Who's been where you are wishing all it was
Was sticks and stones
Yeah, the words cut deep, but they don't mean you're all alone
And you're not invisible
Hear me out
There's so much more of this life than what you're feeling now
And someday you'll look back on all these days
And all this pain is gonna be invisible

[Bridge]
These labels that they give you
Just 'cause they don't understand
If you look past this moment
You'll see you've got a friend
Waving a flag for who you are
And all you're gonna do
Yeah, so here's to you
And here's to anyone who's ever felt invisible

[Final Chorus]
Yeah
And you're not invisible
Hear me out
There's so much more to life than what you're feeling now
And someday you'll look back on all these days
And all this pain is gonna be invisible
It'll be invisible"
Residente,Rap Bruto,e0q1xrcn5p77job8m2nye7w88,"[Letra de “Rap Bruto”]

[Verso 1: Nach]
Mi escuela tiene alma y tablas
Va con sudaderas viejas, con las Nikes sucias y la barba larga
No necesita efectos para adornar lo que habla
Rapea lo que vea, os tirotea en dos palabras
Yo empecé rapeando simple, con un sample y temple
El hobby de un adolescente dura para siempre
Un pro desde los 15, y no se rinde, entiende
Que pone en venta sus canciones, pero no se vende
Crónico insolente que usa balas de saliva
Mi escuela nunca fue tendencia, pero sigue viva
Tenemos iniciativa, perspectiva
Si algo no nos motiva, subimos el dedo del medio arriba
Hablo de mi equipo, esos tipos que quitan el hipo
Mitos que lanzan cada escrito al infinito
Otros actuando crazy y yo cerrando el pico
Más cerca de Kase que de Jay-Z, no sé si me explico
Tengo a mi clan siguiendo un plan para ganarse el pan
Tengo a mis fans buscando paz, en mí la encontrarán
Tanto charlatán sin más afán que el famoseo
Troceo al holgazán como un croissant cuando lo veo
Es fácil su música infantil, inútil; la mía es táctil
No habrá bandera blanca en este mástil
Sé que el rapper de actitud nazi y hostil es frágil
Mezclo mi mente con TNT, sale algo así tan ágil
Como delfines, sus fines no me definen
No times si no lo vives, no opines
No subestimes este nombre
Nach rima sublime, es algo enorme, dime
¿A cuánto torpe fulminé junto a su Melodyne?
Dejo que rimen, veo que se hinchan y se pinchan
Son muchas dianas para mi flecha
Piensan en su hucha y no en la lucha
Van sin antorcha, sin mecha
Les echan pronto, porque pronto se han pasa'o de fecha
Soy hombre de palabra, no me hables de números
Sus canciones secas, mis fraseos húmedos
Sinceros, sin peros, sin treguas
Sin pelos la lengua que os lame
Mi mierda es tan seria como un derrame
Ven que les electrocuto y disfruto
No hay sustituto si escupo ocho minutos de absoluto rap bruto
No me inmuto si no sueno en radios, yo sueno en barrios
Mis hombres le echan huevos, mis hembras le echan ovarios
Pero hay termitas que imitan, me irrita
Buscan visitas y guita
Gritan y gritan, se excitan
Luego sin más se marchitan
Mi música es dinamita
Los decapita, les quita su ego
Luego es normal que dimitan
Llego, les hiero, soy puro veneno
Cuando me acelero me cuelo en su juego, los hundo
Soy como el hielo
Congelo sus celos, su fe en el dinero, los tumbo
Los encadeno, les lanzo mi trueno sin freno
Sueno y retumbo, así de rotundo
Quiero solo verdaderos guerreros salvando a mi mundo

[Estribillo: Nach & Residente]
Mucha selva, poco tigre
Mucha pólvora, poco calibre
Hijo de puta, tírame a mí
No puedes con Nach y Residente
Mucha selva, poco tigre
Mucha pólvora, poco calibre
Hijo de puta, tírame a mí
No puedes con Nach y Residente

[Verso 2: Residente]
Yo, yo, yo no tengo escuela
Sin que soplara el viento aprendí a navegar barcos de vela
Mi rima encima de una cumbia comoquiera impacta
No sigo ninguna escuela porque soy autodidacta
Nunca seguí las reglas con pistas de rap genéricas
Con un cajón peruano escribí Latinoamérica
Mi rap no sigue órdenes de ningún sargento
Hijo de puta, yo creé mi propio movimiento
Que narra y sin garras te desgarra
No crecí escuchando a 2Pac, crecí con Violeta Parra
Y cuando deletreo los educo sin pizarra
Con sólo dos barras, las rockeo sin guitarra
No creo en dioses del rap, mucho menos en reyes
Yo soy la fucking gravedad desafiando las leyes
Yo soy el orden, pero cuando se desarregla
Todas mis líneas son curvas, siempre rompo las reglas
Acostado bajo la sombra de una palma, relajado
Compitiendo contra mí mismo porque no tengo a nadie al lado
Me gusta abusar de los raperos fresa
Les dejo la ""R"" en las nalgas impresa antes de bajarme esta cerveza
Fácilmente los torturo
Solo les quito el Instagram y vuelven a ser inseguros
Tu moda no creo que dure
Las quinceañeras que te siguen hoy
Ya no te seguirán cuando maduren
Mucha selfie y poco contenido
Se tardan más en el vestuario que haciendo prueba de sonido
Sus conciertos son todos iguales
Pocas rimas, poca banda
Muchos fuegos artificiales
No se me escapan cuando escribo
Son fáciles de identificar porque se visten con colores llamativos
A estos raperitos nunca les he visto la cara
Siempre los veo de espalda
Cuando los pongo en 4 y les subo la falda (Woo)
Y me los follo por los dos hoyos
Sin apoyo los arrollo, al estilo criollo
Los convierto en caldo de pollo
La policía me busca por acoso sexual y por perverso
Porque como Kase.O, soy un violador del verso
Y la voleo, porque con las dos piernas pateo
En el freestyleo, de'de el tiro libre la dunkeo
Y sin rodeo, cuando me cabreo, con mi palabreo
Pongo a hablar en árabe hasta los hebreos
A veces le meto tan rápido que el alfabeto no lo veo
A los del maleanteo los abofeteo
Como novela de abuela sin empleo
Mi lengua se tira acrobacias nunca antes vistas
Es malabarista, toda una artista
Y como Michael Jackson hace el MoonWalking por la pista
No hay quién resista al Residente
Cuando los baja caliente, los pongo de rodillas literalmente
Como a los creyentes en el medio oriente
Arrodíllate y reza
Soy un talibán, rimando corto cabeza con mi destreza
Les quito el corazón con la boca y lo pongo en la mesa
Encima de pan y hamburguesa con mayonesa
Salsa japonesa y un poco de jugo de fresa
Me los desayuno, mi lengua nunca se tropieza
Cuando se expresa, los atraviesa con naturaleza
Mi sopa de letras empieza
Abran la represa
Que llegó la pieza que falta en el rompecabeza

[Estribillo: Nach & Residente]
Mucha selva, poco tigre
Mucha pólvora, poco calibre
Hijo de puta, tírame a mí
No puedes con Nach y Residente
Mucha selva, poco tigre
Mucha pólvora, poco calibre
Hijo de puta, tírame a mí
No puedes con Nach y Residente

[Outro]
Con Nach y Residente
Trooko
Con Nach y Residente"
Melendi,Caminando por la vida,21dmspwi7jlyoyksp6kiyekhy,"Letra de ''Caminando por la vida''

[Estrofa 1]
Huele a aire de primavera
Tengo alergia en el corazón
Voy cantando por la carretera
De copiloto llevo el sol

Y a mí no me hace falta estrella
Que me lleve hasta tu portal
Como ayer estaba borracho
Fui tirando migas de pan

[Estribillo]
Voy caminando por la vida, sin pausa, pero sin prisas
Procurando no hacer ruido, vestio' con una sonrisa, sin complejo ni temores
Canto rumbas de colores
Y el llorar no me hace daño siempre (y) cuando tú no llores

[Estrofa 2]
Y el Milindri a mí me llaman
En el mundillo calé
Porque al coger mi guitarra
Se me van solos los pies

Y este año le pido al cielo (ay, vámonos)
La salud del anterior
No necesito dinero
Voy sobrao' en el amor

[Estribillo]
Voy caminando por la vida, sin pausa, pero sin prisas
Procurando no hacer ruido, vestio' con una sonrisa, sin complejo ni temores
Canto rumbas de colores
Y el llorar no me hace daño siempre (y) cuando tú no llores, ay

[Puente]
Y no quiero amores, no correspondidos
No quiero guerras
No quiero amigos
Que no me quieran sin mis galones

No me tires flores
Ni falsas miradas de inexpresión
Que no dicen nada
Del corazón que me las propone

[Estribillo]
Porque voy caminando por la vida, sin pausa, pero sin prisas
Procurando no hacer ruido, vestio' con una sonrisa, sin complejo ni temores
Canto rumbas de colores
Y el llorar no me hace daño siempre (y) cuando tú no llores, ay"
Gianluca Vacchi,Viento,21dmspwi7jlyoyksp6kiyekhy,"[Letra de ""Viento""]

[Verso 1]
Préstame tu peine y péiname el alma
Desenrédame fuera de este mundo
Dime que no estoy soñándote
Enséñame de qué estamos hechos

[Pre-Coro]
Que quiero brincar planetas
Hasta ver uno vacío
Que quiero irme a vivir
Pero que sea contigo

[Coro]
Viento amárranos
Tiempo detente muchos años
Viento amárranos
Tiempo detente muchos años

[Verso 2]
Préstame tu peine y péiname el alma
Purifícame, no me abandones
Préstame tu sueño y duérmeme
Embrújame, volvámonos eternos

[Pre-Coro]
Que quiero brincar planetas
Hasta ver uno vacío
Que quiero irme a vivir
Pero que sea contigo

[Coro]
Viento amárranos
Tiempo detente muchos años
Viento amárranos
Tiempo detente muchos años

[Outro]
Viento amárranos
Tiempo detente muchos años
Viento..."
Justin Quiles,Loco,21dmspwi7jlyoyksp6kiyekhy,"[Intro]
Hated the most, so I keep my haters close
Let 'em know I want the smoke
So much bread I gotta boast
This burner turn you into toast
I'm so G, I don’t keep that pistol on me
Ay, I'll beat yo ass you try to press that issue on me
Ay, I keep a stash under all these zippers on me
I got bitches blowin' like I got a whistle on me

[Chorus]
Ay, can’t stop getting paper
Ay, can’t stop rollin papers
Ay, LSD and coca
Ay, live la vida loca
Ay, she gone feed me grapes
Ay, we don’t go on dates
Ay, got a man at home, but she love the way I taste

[Verse 1]
Tatted on my choker
Shoppin' sprees at Dover
I ain’t stopping shit till I’m 70 years older
Slap me if I’m sober
Yea, yea, yea, come over
Fucked two girls that looked like Tina Fey and Amy Poehler
[Refrain]
Back shot, back shot, back shot, back shot, right behind the backdrop
Can’t stop, can’t stop, can’t stop, can’t stop turnin' up like mascots
Matlock, Matlock, Matlock, Matlock want me in them padlocks
I hope you got a plan, catch me if you can hoe

[Verse 2]
Yea hoe, can’t get jammed hoe, I’ll be damned hoe
Yea hoe, I’m the man hoe, from the Land hoe
Yea hoe, out them bandos, to these bands hoe
Sandals for my fam though - 3, 2, 1, takeoff
Jets round the world with them
And you know we gotta fly with the herb with them
In the town, I’m a chief like turbo and them
Shouts for the flow G Herbo and them
I just got the cell phone workin' again
I just got the styrofoam purple again
Never make threats non-verbal again
You already know how I'm lurkin' again
Gunna

[Refrain]
Back shot, back shot, back shot, back shot, right behind the backdrop
Can’t stop, can’t stop, can’t stop, can’t stop turnin' up like mascots
Matlock, Matlock, Matlock, Matlock want me in them padlocks
I hope you got a plan, catch me if you can hoe
[Chorus]
Ay, can’t stop getting paper
Ay, can’t stop rollin papers
Ay, LSD and coca
Ay, live la vida loca
Ay, she gone feed me grapes
Ay, we don’t go on dates
Ay, got a man at home, but she love the way I taste
Ay, can’t stop getting paper
Ay, can’t stop rollin papers
Ay, LSD and coca
Ay, live la vida loca
Ay, she gone feed me grapes
Ay, we don’t go on dates
Ay, got a man at home, but she love the way I taste"
Guns N' Roses,Welcome To The Jungle,11100941802,"[Intro]
Oh my God
Jump

[Verse 1]
Welcome to the jungle, we got fun and games
We got everything you want, honey, we know the names
We are the people that can find whatever you may need
If you got the money, honey, we got your disease

[Chorus 1]
In the jungle, welcome to the jungle
Watch it bring you to your shun-n-n-n-n-n-n-n-n-n-n-n, knees, knees
Mwah, ah, I wanna watch you bleed

[Verse 2]
Welcome to the jungle, we take it day by day
If you want it you're going to bleed, but it's the price you pay
And you're a very sexy girl, it's very hard to please
You can taste the bright lights, but you won't get there for free

[Chorus 2]
In the jungle, welcome to the jungle
Feel my, my, my, my serpentine
Oh, ah, I wanna hear you scream

[Interlude]
Moaning

[Verse 3]
Welcome to the jungle, it gets worse here everyday
You learn to live like an animal in the jungle where we play
If you got a hunger for what you see, you'll take it eventually
You can have anything you want, but you better not take it from me

[Chorus 1]
In the jungle, welcome to the jungle
Watch it bring you to your shun-n-n-n-n-n-n-n-n-n-n-n, knees, knees
Mwah, I wanna watch you bleed

[Bridge]
And when you're high, you never
Ever want to come down
So down, so down, so down, yeah

[Guitar Solo]

[Segue]
You know where you are?
You're in the jungle, baby
You're gonna die

[Chorus Extended]
In the jungle, welcome to the jungle
Watch it bring you to your shun-n-n-n-n-n-n-n-n-n-n-n, knees, knees
In the jungle, welcome to the jungle
Feel my, oh my, my, my serpentine
Jungle, welcome to the jungle
Watch it bring you to your shun-n-n-n-n-n-n-n-n-n-n-n, knees, knees

[Outro]
In the jungle, welcome to the jungle
Watch it bring you to your, it's going to bring you down, huh"
Sum 41,The Hell Song,11100941802,"[Verse 1]
Everybody's got their problems
Everybody says the same things to you
It's just a matter how you solve them
And knowing how to change the things you've been through
I feel I've come to realize
How fast life can be compromised
Step back to see what's going on
I can't believe this happened to you
(This happened to you)

[Verse 2]
It's just a problem that I'm faced with; am I
Not the only one who hates to stand by?
Complications that are first in this line
With all these pictures running through my mind
Knowing endless consequences
I feel so useless in this
Get back, step back, and as for me
I can't believe

[Chorus]
Part of me, won't agree
Cause I don't know if it's for sure
Suddenly, suddenly
I don't feel so insecure
Part of me, won't agree
Cause I don't know if it's for sure
Suddenly, suddenly
I don't feel so insecure anymore

[Verse 3]
Everybody's got their problems
Everybody says the same things to you
It's just a matter how you solve them
But what else are we supposed to do?

[Chorus]
Part of me, won't agree
Cause I don't know if it's for sure
Suddenly, suddenly
I don't feel so insecure
Part of me, won't agree
Cause I don't know if it's for sure
Suddenly, suddenly
I don't feel so insecure anymore

[Outro]
Why do things that matter the most
Never end up being what we chose
Now that I find no way so bad
I don't think I knew what I had
Why do things that matter the most
Never end up being what we chose
Now that I find no way so bad
I don't think I knew what I had"
Despistaos,Mi accidente preferido (con Juancho Sidecars y Sidecars),21dmspwi7jlyoyksp6kiyekhy,"He dejado de llorar y hacerme el fuerte
Por si acaso te conviertes en invierno
Buscaremos una excusa para vernos
Mándame un mensaje y dime donde puedo recogerte

Te prometo que no me pondré nervioso
Ni hablaré sobre esta vida tan injusta
Comeremos eso que tanto te gusta
Como hacíamos en esos años tan maravillosos

Volveremos a llenar este vacío
Fingiré que no te has ido que aprendiste a perdonar
Consecuencias derivadas de haber sido
Mi accidente preferido nunca te voy a olvidar

Ha pasado tanto tiempo de aquel día
Que escapaste de ese mundo de mentiras
Donde es fácil conseguir lo que tu quieres
Donde nunca te dejaron convertirte en lo que eres

Volveremos a llenar este vacío
Fingiré que no te has ido que aprendiste a perdonar
Consecuencias derivadas de haber sido
Mi accidente preferido nunca te voy a olvidar

Dime donde vas que te acompaño
Que se está haciendo largo este tiempo indefinido
Y es demasiado tarde para darme por vencido
Perdóname si he hecho algo que te hiciera daño
Te necesito tanto
Volveremos a llenar este vacío
Fingiré que no te has ido que aprendiste a perdonar
Consecuencias derivadas de haber sido
Mi accidente preferido nunca te voy a olvidar"
Zion & Lennox,Otra vez (feat. J Balvin),21dmspwi7jlyoyksp6kiyekhy,"[Letra de ""Otra Vez"" ft. J Balvin]

[Intro: Zion, J Balvin & Lennox ]
(El sólo verte me dan ganas, eh)
(Precisamente en Cartagena; eh-eh, ay)
Infinity
Después de tanto me buscas
¿Por qué será?
¿Por qué a mi?, yeah
No te puedes ir sin contestar esa pregunta
¿Qué es lo que quieres?
¿Qué necesidad es la que tienes?

[Coro: Zion, Zion & J Balvin, Lennox]
Para seducirme otra vez
Besarme otra vez
Volverme a poner el mundo al revés
Pa' besarte como ayer
Sentirte otra vez
Me vuelves a poner el mundo al revés, como ayer, yeah
(La ""Z"" y la ""L"")

[Verso 1: Lennox]
El sólo verte me dan ganas
De viajar al pasado y rescatar (Brrr; yeah)
Esos momentos que tú y yo compartimos (Sup, sup, sup)
Las ganas de rumbear
Eran noches de nunca terminar (Ay)
Vivíamos en una fantasía, pero era real (De verdad)

[Pre-Coro: Lennox]
Lo que sentimos (Mamacita; lo que sentimos)
Lo que hicimos (Toma; lo que hicimos)
No e' casualidad que nos viéramos en la misma disco (Ah)
Aprovechemos que nos vimos (Ajá)
Lo que sentimos (Mamacita; lo que sentimos)
Lo que hicimos (Ah, ah)
No e' casualidad que nos viéramos en la misma disco
Dale mami, que nos fuimos

[Coro: J Balvin]
Para seducirme otra vez
Besarme otra vez
Volverme a poner el mundo al revés
Pa' besarte como ayer
Sentirte otra vez
Me vuelves a poner el mundo al revés, como ayer (J Balvin, man)

[Verso 2: J Balvin & Lennox]
Hoy vuelve a aparecer bajo la luna llena, sirena
Precisamente en Cartagena
Déjame revivir esto, es un placer
Ba-Ba-Baila que la noche es tuya, que el ritmo intuya
Pónle picante, que el amor fluya
Nos dimos cuenta que no había un final
Esto no tiene porque terminar (Ouh, ouh; de verdad)

[Pre-Coro: J Balvin, Lennox, J Balvin & Zion]
Lo que sentimos (Mamacita)
Lo que hicimos (Toma que toma)
No es casualidad que nos viéramos en la misma disco
Aprovechemos que nos vimos (Ajá)
Lo que sentimos (Mamacita)
Lo que hicimos (Ah, ah)
No es casualidad que nos viéramos en la misma disco
Dale mami, que nos fuimos

[Coro: Zion, Zion & J Balvin]
Para seducirme otra vez
Besarme otra vez
Volverme a poner el mundo al revés
Pa' besarte como ayer
Sentirte otra vez
Me vuelves a poner el mundo al revés, como ayer, yeah

[Outro: Zion, J Balvin & Lennox]
Chq-chq-chq-chq-chq-chq
Z Diddy
J Balvin, man
Zion, baby
La ""Z"" y la ""L""
Y Lennox
Leggo'
J Balvin
Sky Rompiendo El Bajo
Mo-Mo-Mosty
Bull Nene
Infinity
Leggo'
Infinity Music (Para seducirme otra vez)
Baby Records (Besarme otra vez)
(Volverme a poner el mundo al revés, como ayer, yeh)
La ""Z"" y la ""L"""
Camilo,Millones,21dmspwi7jlyoyksp6kiyekhy,"[Letra de ""Millones""]

[Verso 1]
Tú debes ser ingeniera
Porque qué bien te quedó el puente entre tu boca y la mía
Si hubieras sido por mí ni me atrevería (Mmm)
Haberte dado ese beso
Que me ha cambiado la vida
Tú debes ser cirujana
Porque del pecho me curaste lo que a mí me dolía (Tú me curaste)
Y me arreglaste el corazón sin dejarme una herida
Dime por qué te entregaste a quien no te merecía

[Coro]
¿Por qué yo si en este mundo hay millones?
¿Por qué yo si tienes tantas opciones?
Dime por qué conmigo (¿Por qué?), si no tiene sentido (No, no)
Me gusta que cuando hablas de tu futuro estoy incluido (Yeh)
¿Por qué yo si en este mundo hay millones? (Muchos mejores)
¿Por qué yo si tienes tantas opciones? (Millones)
Dime por qué conmigo (¿Por qué?), si yo no te merezco (No, no, no, no, no, no, no)
Porque al hombre perfecto yo ni un poquito me le parezco

[Post-Coro]
Ay, dime por qué yo-yo-yo-yo-yo
Yo-yo-yo-yo, si hay mi-llo-llo-llo-llones, millones
Ay, dime por qué yo-yo-yo-yo-yo
Yo-yo-yo-yo, si hay millones, millones
[Verso 2]
(Camilo, hmm-mmm)
Por ti me veo las series que no me gustan (Yeh)
Te tiro en Uber Eats lo que te gusta (Sí)
Y dejo que tú elijas la temperatura (Yeh-eh-eh)
Pa' que se me congelen el pelo y las uñas
Yeah-eh, que yo por ti todo lo apuesto (Todo)
Tú brillas diferente al resto (Mhm)
Para siempre tú tendrás el primer puesto (Número uno)
Ay, tú conoces todos mis defectos (Todos)
Estabas cuando no hubo presupuesto (No, no, no)
Contigo yo me fui a la cima
Tú me subes la autoestima
Y hasta de mis chistes malos tú te ríes (Jajaja, jajaja)
Tú eres mi porrista, mi cheerleader (Yeah, yeah, yeah)

[Coro]
¿Por qué yo si en este mundo hay millones? (Ay, dime por qué)
¿Por qué yo si tienes tantas opciones? (Hay muchos)
Dime por qué conmigo (¿Por qué, por qué?), si no tiene sentido (No, no, no, no)
Me gusta que cuando hablas de tu futuro estoy incluido (¿Por qué yo estoy ahí?)
¿Por qué yo si en este mundo hay millones? (Millones mejores que yo)
¿Por qué yo si tienes tantas opciones? (Más guapos)
Dime por qué conmigo (Más plata), si yo no te merezco (No, no, no, no, no)
Porque al hombre perfecto yo ni un poquito me le parezco
[Post-Coro]
Ay, dime por qué yo-yo-yo-yo-yo
Yo-yo-yo-yo, si hay mi-llo-llo-llo-llones, millones
Ay, dime por qué yo-yo-yo-yo-yo
Yo-yo-yo-yo, si hay millones, millones

[Outro]
No, no, no, no, no, no, no
Camilo, mmm-mmm
La Tribu, eh
Yeh-eh-eih
Yeh-eh"
Imagine Dragons,Believer,21dmspwi7jlyoyksp6kiyekhy,"[Verse 1]
First things first
I'ma say all the words inside my head
I'm fired up and tired of
The way that things have been, oh-ooh
The way that things have been, oh-ooh

[Verse 2]
Second thing second
Don't you tell me what you think that I could be
I'm the one at the sail
I'm the master of my sea, oh-ooh
The master of my sea, oh-ooh

[Pre-Chorus]
I was broken from a young age
Taking my sulkin' to the masses
Writing my poems for the few
That look at me, took to me, shook at me, feelin' me
Singing from heartache from the pain
Taking my message from the veins
Speaking my lesson from the brain
Seeing the beauty through the...

[Chorus]
Pain! You made me a, you made me a
Believer, believer
Pain! You break me down and build me up
Believer, believer
Pain! Oh, let the bullets fly, oh, let them rain
My life, my love, my drive, it came from…
Pain! You made me a, you made me a
Believer, believer

[Verse 3]
Third things third
Send a prayer to the ones up above
All the hate that you've heard
Has turned your spirit to a dove, oh-ooh
Your spirit up above, oh-ooh

[Pre-Chorus]
I was chokin' in the crowd
Building my rain up in the cloud
Falling like ashes to the ground
Hoping my feelings, they would drown
But they never did, ever lived, ebbin' and flowin'
Inhibited, limited 'til it broke open and rained down
It rained down, like…

[Chorus]
Pain! You made me a, you made me a
Believer, believer
Pain! You break me down and build me up
Believer, believer
Pain! Oh, let the bullets fly, oh, let them rain
My life, my love, my drive, it came from…
Pain! You made me a, you made me a
Believer, believer

[Verse 4]
Last things last
By the grace of the fire and the flames
You're the face of the future
The blood in my veins, oh-ooh
The blood in my veins, oh-ooh

[Pre-Chorus]
But they never did, ever lived, ebbin' and flowin'
Inhibited, limited 'til it broke open and rained down
It rained down, like…

[Chorus]
Pain! You made me a, you made me a
Believer, believer
Pain! You break me down and build me up
Believer, believer
Pain! Oh, let the bullets fly, oh, let them rain
My life, my love, my drive, it came from…
Pain! You made me a, you made me a
Believer, believer"
Avicii,The Nights,21dmspwi7jlyoyksp6kiyekhy,"[Part I]

[Verse 1]
Round your city, round the clock
Everybody needs you
No, you can't make everybody equal
Although you got beaucoup family
You don't even got nobody bein' honest with you
Breathe 'til I evaporated
My whole body see through
Transportation, handmade (G)
And I know it better than most people
I don't trust 'em anyways
You can't break the law with them
Get some gushy, have a calm night
Shooters killin' left and right
Workin' through your worst night
If I get my money right
You know I won't need you
And I tell you, (bitch)
I hope the sack is full up
I'm fuckin', no, I'm fucked up
Spend it when I get that
I ain't tryna keep you
Can't keep up a conversation
Can't nobody reach you
Why your eyes well up?
Did you call me from a séance?
You are from my past life
Hope you're doin' well, bruh
I been out here head first
Always like the head first
Signal comin' in and out
Hope you're doin' well, bruh
Everybody needs you, everybody needs you
Oooh, nani nani
This feel like a quaalude
No sleep in my body
Ain't no bitch in my body

[Pre-Chorus]
New beginnin's, ahh
New beginnin's, wake up akh
The sun's goin' down
Time to start your day, bruh
Can't keep bein' laid off
Know you need the money if you gon' survive
The every night shit, every day shit

[Chorus]
Droppin' baby off at home before my night shift
You know I can't hear none of that spend the night shit
That kumbaya shit
Wanna see nirvana, but don't wanna die yet
Wanna feel that na na though, could you come by?
Fuck with me after my shift
Know them boys wanna see me broke down and shit
Bummed out and shit, stressed out and shit
That's every day shit
Shut the fuck up, I don’t want your conversation
Rollin' marijuana, that's a cheap vacation
My every day shit, every night shit, my every day shit
(Every night shit, night shit, night shit, night shit)

[Bridge]
All my night, been ready for you all my night
Been waitin' on you all my night
I'll buzz you in, just let me know when you outside
All my night, you been missin' all my night
Still got some good nights memorized
And the look back's gettin' me right

[Part II]

[Verse 2]
Every night fucks every day up
Every day patches the night up
On God, you should match it, it's that KO
No white lighters 'til I fuck my 28th up
1998, my family had that Acura
Oh, the Legend
Kept at least six discs in the changer
Back when Boswell and Percy had it active
Couple bishops in the city buildin' mansions
All the reverends
Preachin' self made millionaire status
When we could only eat at Shoney's on occasion
After 'trina hit I had to transfer campus
Your apartment out in Houston's where I waited
Stayin' with you when I didn't have a address
Fuckin' on you when I didn't own a mattress
Workin' on a way to make it outta Texas, every night

[Chorus]
Droppin' baby off at home before my night shift, yeah
You know I can't hear none of that spend the night shit
That kumbaya shit
Want to see nirvana, but don't wanna die yet
Wanna feel that na na though, could you come by
Fuck with me after my shift
Know them boys wanna see me broke down
See me bummed out, stressed out
That's just everyday shit
Shut the fuck up, I don't want your conversation
Rollin' marijuana, that's a cheap vacation
My every day shit, my every day shit
My every night shit, my every day shit
My every day shit, my every day shit
My every day shit, my every night shit"
James Blunt,Stay the Night,21dmspwi7jlyoyksp6kiyekhy,"[Produced by Zedd]

[Verse 1]
I know that we are up-side-down
So hold your tongue and hear me out
I know that we were made to break
So what? I don't mind

[Pre-Chorus]
You kill the lights, I'll draw the blinds
Don't dull the sparkle in your eyes
I know that we were made to break
So what? I don't mind

[Chorus]
Are you gonna stay the night?
Are you gonna stay the night?
Whoa, oh, oh, oh, oh, oh, oh
Are you gonna stay the night?
Are you gonna stay the night?
Doesn't mean we're bound for life
So-oh-oh-oh-oh-oh-oh-oh
Are you gonna stay the night?
Are you gonna stay the night?
Doesn't mean we're bound for life
So-oh-oh-oh-oh-oh-oh-oh
Are you gonna stay the night?
[Verse 2]
I am a fire, you're gasoline
Come pour yourself all over me
We'll let this place go down in flames
Only one more time

[Pre-Chorus]
You kill the lights, I'll draw the blinds
Don't dull the sparkle in your eyes
I know that we were made to break
So what? I don't mind

[Chorus]
Are you gonna stay the night?
Are you gonna stay the night?
Whoa, oh, oh, oh, oh, oh, oh
Are you gonna stay the night?
Are you gonna stay the night?
Doesn't mean we're bound for life
So-oh-oh-oh-oh-oh-oh-oh
Are you gonna stay the night?
Are you gonna stay the night?

[Drop]

[Chorus]
Are you gonna stay the night?
Doesn't mean we're bound for life
So-oh-oh-oh-oh-oh-oh-oh
Are you gonna stay the night?
[Outro]
Are you gonna stay the night?
Are you gonna stay the night?
Woah, oh, oh, oh, oh, oh, oh
Are you gonna stay the night?"
Coldplay,A Sky Full of Stars,21dmspwi7jlyoyksp6kiyekhy,"[Verse 1]
'Cause you're a sky, 'cause you're a sky full of stars
I'm gonna give you my heart
'Cause you're a sky, 'cause you're a sky full of stars
'Cause you light up the path

[Chorus]
I don't care, go on and tear me apart
I don't care if you do, ooh-ooh, ooh
'Cause in a sky, 'cause in a sky full of stars
I think I saw you ooh-ooh-ooh, ooh-ooh-ooh

[Verse 2]
'Cause you're a sky, 'cause you're a sky full of stars
I wanna die in your arms, oh-oh-oh, oh-oh
'Cause you get lighter the more it gets dark
I'm gonna give you my heart, oh

[Chorus]
I don't care, go on and tear me apart
I don't care if you do, ooh-ooh, ooh
'Cause in a sky, 'cause in a sky full of stars
I think I see you ooh-ooh-ooh, ooh-ooh-ooh
I think I see you ooh-ooh-ooh, ooh-ooh-ooh

[Outro]
'Cause you're a sky, you're a sky full of stars
Such a heavenly view
You're such a heavenly view
(Yeah, yeah, yeah, ooh)"
Pitbull,Feel This Moment (feat. Christina Aguilera),21dmspwi7jlyoyksp6kiyekhy,"[Intro: Pitbull]
Ask for money, and get advice
Ask for advice, get money twice
I'm from the dirty, but that chico nice
Y'all call it a moment, I call it life

[Chorus: Christina Aguilera]
One day when the light is glowin'
I’ll be in my castle golden
But until the gates are open
I just wanna feel this moment
Whoa-oh, I just wanna feel this moment
Whoa-oh, I just wanna feel this moment

[Interlude: Pitbull & (Christina Aguilera)]
Mr. Worldwide
Christina Aguilera
Oye, mamita, come on!
Dalé, que la cosa está rica (I just wanna feel this moment)

[Beat Break]

[Pitbull]
Woo!
Feel this moment!

[Verse 1: Pitbull]
Reporting live from the tallest building in Tokyo
Long ways from them hard ways
Bills and Os and oh-yays
Dade County always, 305 all day
Now, baby, we can parlay or, baby, we can party
She read books, especially about red rooms and tie-ups (Yeah)
I got it hooked, ‘cause she seen me in a suit with the red tie tied up
Christian Gris, nice to meet ya
But time is money, only difference is I own it
Now let's stop time and enjoy this moment

[Chorus: Christina Aguilera & (Pitbull)]
One day when the light is glowin'
I’ll be in my castle golden
But until the gates are open
I just wanna feel this moment
Whoa-oh (C'mon), I just wanna feel this moment
Whoa-oh (C'mon), I just wanna feel this moment

[Beat Break]

[Post-Chorus: Pitbull]
Woo!
Come on, feel this moment!

[Verse 2: Pitbull]
I see the future but live for the moment
Make sense, don't it? Hah
Now make dollars, I mean billions (Yeah)
I'm a genius, I mean brilliant (Brilliant)
This street is what schooled him (Schooled him)
And made him slicker than Slick Rick the Ruler (Yeah)
I've lost a lot and learned a lot
But I'm still undefeated like Shula
I'm far from cheap
I break down companies with all my peeps (That's right)
Baby, we can travel the world
And what I can give you is all you can see
Time is money, only difference is I own it
Like a stopwatch, let's stop time and enjoy this moment, dalé

[Chorus: Christina Aguilera & (Pitbull)]
One day when the light is glowin'
I’ll be in my castle golden
But until the gates are open
I just wanna feel this moment
Whoa-oh (C'mon), I just wanna feel this moment
Whoa-oh, I just wanna feel this moment
(Woo)
(Come on, feel this moment!)
Whoa-oh, I just wanna feel this moment
Whoa-oh, I just wanna feel this moment"
